fecha,hora,plataforma,producto,tipo,status,url,notas,engagement_primero_click
2026-04-16,21:45,PLANTILLA,INICIAL,SETUP,TODO,-,LLENAR DURANTE EJECUCIÓN,-
2026-04-16,22:00,Gumroad,LinkedIn Content Generator,PRODUCTO,PUBLICADO,https://tanquerade.gumroad.com/l/LinkedInContentGenerator,Completar cuando publique,TBD
2026-04-16,22:05,Gumroad,Customer Feedback Analyzer,PRODUCTO,PUBLICADO,https://tanquerade.gumroad.com/l/CustomerFeedbackAnalyzer,Completar cuando publique,TBD
2026-04-16,22:10,Gumroad,Product Description Generator,PRODUCTO,PUBLICADO,https://tanquerade.gumroad.com/l/ProductDescriptionGenerator,Completar cuando publique,TBD
2026-04-16,22:15,Twitter,Tweet 1 - Stats,TWEET,PUBLICADO,https://x.com/ranucoliemilio/status/XXXXX,Problem-Solution angle,TBD
2026-04-16,22:20,Twitter,Tweet 2 - Solution,TWEET,PUBLICADO,https://x.com/ranucoliemilio/status/XXXXX,3 productos presentation,TBD
2026-04-16,22:25,Twitter,Tweet 3 - Urgency,TWEET,PUBLICADO,https://x.com/ranucoliemilio/status/XXXXX,$19 limited offer,TBD
2026-04-16,22:30,Twitter,Tweet 4 - Problem,TWEET,PUBLICADO,https://x.com/ranucoliemilio/status/XXXXX,10h+ hours lost,TBD
2026-04-16,22:35,Twitter,Tweet 5 - Retrospective,TWEET,PUBLICADO,https://x.com/ranucoliemilio/status/XXXXX,5 month journey,TBD
2026-04-16,22:40,Reddit,r/MakeMyMoney,POST,PUBLICADO,https://reddit.com/r/MakeMyMoney/comments/XXXXX,Built 3 automation kits,TBD
2026-04-16,22:45,Reddit,r/automation,POST,PUBLICADO,https://reddit.com/r/automation/comments/XXXXX,Templates for business,TBD
2026-04-16,22:50,Reddit,r/EntrepreneurRideAlong,POST,PUBLICADO,https://reddit.com/r/EntrepreneurRideAlong/comments/XXXXX,Launched 3 products,TBD
